"ID"	"Genomic position"	"Chromosome"	"Ref allele"	"Alt allele"	"Gene name"	"cDNA change"	"Protein change"	"Variant effect"	
"74"	"16256935"	"16"	"G"	"A"	"ABCC6"	"c.3421C>T"	"p.(R1141*)"	"nonsense"	
"360"	"21981967"	"12"	"C"	"T"	"ABCC9"	"c.3594G>A"	"p.(M1198I)"	"missense"	
"70"	"116155804"	"9"	"G"	"C"	"ALAD"	"c.36C>G"	"p.(F12L)"	"missense"	
"180"	"97487043"	"3"	"C"	"T"	"ARL6"	"c.92C>T"	"p.(T31M)"	"missense"	
"10"	"10401576"	"3"	"C"	"T"	"ATP2B2"	"c.1756G>A"	"p.(V586M)"	"missense"	
"366"	"152815061"	"X"	"G"	"A"	"ATP2B3"	"c.1445G>A"	"p.(R482H)"	"missense"	
"34"	"104133461"	"9"	"T"	"C"	"BAAT"	"c.226A>G"	"p.(M66V)"	"missense"	
"120"	"66287196"	"11"	"G"	"A"	"BBS1"	"c.700G>A"	"p.(E234K)"	"missense"	
"122"	"66290967"	"11"	"C"	"T"	"BBS1"	"c.871C>T"	"p.(Q291*)"	"nonsense"	
"123"	"66293652"	"11"	"T"	"G"	"BBS1"	"c.1169T>G"	"p.(M390R)"	"missense"	
"125"	"66299163"	"11"	"CC"	"C"	"BBS1"	"c.1642delC"	"p.(L548Wfs*31)"	"frameshift"	
"133"	"66282056"	"11"	"T"	"G"	"BBS1"	"c.339T>G"	"p.(Y113*)"	"nonsense"	
"135"	"66299163"	"11"	"G"	"T"	"BBS1"	"c.1645G>T"	"p.(E549*)"	"nonsense"	
"156"	"66288732"	"11"	"TGTTTGCAGATG"	"T"	"BBS1"	"c.724-8_726delGTTTGCAGATG"	"p.(M242Rfs*83)"	"frameshift"	
"158"	"66290982"	"11"	"AT"	"A"	"BBS1"	"c.887delT"	"p.(I296Tfs*7)"	"frameshift"	
"173"	"66297427"	"11"	"A"	"G"	"BBS1"	"c.1473+4A>G"	"N/A"	"intronic"	
"185"	"66298426"	"11"	"G"	"A"	"BBS1"	"c.1535G>A"	"p.(R512H)"	"missense"	
"144"	"76741492"	"12"	"G"	"C"	"BBS10"	"c.273C>G"	"p.(C91W)"	"missense"	
"145"	"76739644"	"12"	"AAC"	"A"	"BBS10"	"c.2119_2120delGT"	"p.(V707*fs1)"	"frameshift"	
"147"	"76741494"	"12"	"A"	"AA"	"BBS10"	"c.271dupT"	"p.(C91Lfs*5)"	"frameshift"	
"148"	"76740088"	"12"	"G"	"T"	"BBS10"	"c.1677C>A"	"p.(Y559*)"	"nonsense"	
"149"	"76741975"	"12"	"T"	"C"	"BBS10"	"c.164T>C"	"p.(L55P)"	"missense"	
"150"	"76740942"	"12"	"ACT"	"A"	"BBS10"	"c.821_822delAG"	"p.(E274Vfs*29)"	"frameshift"	
"153"	"76740535"	"12"	"A"	"C"	"BBS10"	"c.1230T>G"	"p.(H410Q)"	"missense"	
"157"	"76740879"	"12"	"C"	"T"	"BBS10"	"c.886G>A"	"p.(A296T)"	"missense"	
"159"	"76739621"	"12"	"T"	"C"	"BBS10"	"c.2144A>G"	"p.(H715R)"	"missense"	
"163"	"76741000"	"12"	"C"	"T"	"BBS10"	"c.765G>A"	"p.(M255I)"	"missense"	
"169"	"76739898"	"12"	"G"	"A"	"BBS10"	"c.1867C>T"	"p.(Q623*)"	"nonsense"	
"171"	"76741994"	"12"	"G"	"A"	"BBS10"	"c.145C>T"	"p.(R49W)"	"missense"	
"176"	"76740163"	"12"	"AGGTA"	"A"	"BBS10"	"c.1598_1601delTAAC"	"p.(T534Ifs*21)"	"frameshift"	
"177"	"76740674"	"12"	"TT"	"T"	"BBS10"	"c.1090delA"	"p.(N364Tfs*5)"	"frameshift"	
"179"	"76740432"	"12"	"G"	"T"	"BBS10"	"c.1333C>A"	"p.(L445I)"	"missense"	
"151"	"123663402"	"4"	"G"	"A"	"BBS12"	"c.355G>A"	"p.(G119S)"	"missense"	
"152"	"123663834"	"4"	"T"	"C"	"BBS12"	"c.787T>C"	"p.(Y263H)"	"missense"	
"154"	"123664484"	"4"	"GG"	"G"	"BBS12"	"c.1438delG"	"p.(D480Mfs*3)"	"frameshift"	
"165"	"123664270"	"4"	"A"	"G"	"BBS12"	"c.1223A>G"	"p.(K408R)"	"missense"	
"167"	"123664618"	"4"	"A"	"G"	"BBS12"	"c.1571A>G"	"p.(Y524C)"	"missense"	
"183"	"123665070"	"4"	"C"	"T"	"BBS12"	"c.2023C>T"	"p.(R675*)"	"nonsense"	
"184"	"123663523"	"4"	"C"	"T"	"BBS12"	"c.476C>T"	"p.(P159L)"	"missense"	
"112"	"56548501"	"16"	"T"	"C"	"BBS2"	"c.209A>G"	"p.(N70S)"	"missense"	
"114"	"56553703"	"16"	"G"	"C"	"BBS2"	"c.72C>G"	"p.(Y24*)"	"nonsense"	
"116"	"56548535"	"16"	"G"	"A"	"BBS2"	"c.175C>T"	"p.(Q59*)"	"nonsense"	
"119"	"56531779"	"16"	"G"	"A"	"BBS2"	"c.1673C>T"	"p.(T558I)"	"missense"	
"127"	"56536263"	"16"	"A"	"C"	"BBS2"	"c.1046T>G"	"p.(L349W)"	"missense"	
"129"	"56534926"	"16"	"G"	"A"	"BBS2"	"c.1237C>T"	"p.(R413*)"	"nonsense"	
"131"	"56519633"	"16"	"C"	"T"	"BBS2"	"c.1928G>A"	"p.(R643H)"	"missense"	
"140"	"56548399"	"16"	"T"	"G"	"BBS2"	"c.311A>C"	"p.(D104A)"	"missense"	
"141"	"56530894"	"16"	"C"	"G"	"BBS2"	"c.1895G>C"	"p.(R632P)"	"missense"	
"160"	"56540103"	"16"	"G"	"A"	"BBS2"	"c.646C>T"	"p.(R216*)"	"nonsense"	
"161"	"56553703"	"16"	"C"	"G"	"BBS2"	"c.72G>C"	"p.(Y24*)"	"nonsense"	
"162"	"56540087"	"16"	"AG"	"A"	"BBS2"	"c.661delC"	"p.(L221Ffs*25)"	"frameshift"	
"164"	"56531747"	"16"	"G"	"A"	"BBS2"	"c.1705C>T"	"p.(Q569*)"	"nonsense"	
"166"	"56548431"	"16"	"T"	"TAAAAGGGCATCATAGCCAAGCTC"	"BBS2"	"c.256_278dup"	"p.(V94Sfs*8)"	"frameshift"	
"170"	"56530904"	"16"	"C"	"T"	"BBS2"	"c.1885G>A"	"p.(E629K)"	"missense"	
"172"	"56532346"	"16"	"T"	"C"	"BBS2"	"c.1659+3A>G"	"N/A"	"intronic"	
"288"	"56544802"	"16"	"A"	"AA"	"BBS2"	"c.503dup"	"p.(L168Ffs*3 )"	"frameshift"	
"290"	"56536365"	"16"	"C"	"T"	"BBS2"	"c.944G>A"	"p.(R315Q)"	"missense"	
"291"	"56553655"	"16"	"C"	"G"	"BBS2"	"c.117+1G>C"	"N/A"	"splicing"	
"118"	"73027508"	"15"	"C"	"A"	"BBS4"	"c.1091C>A"	"p.(A364E)"	"missense"	
"128"	"73029268"	"15"	"A"	"G"	"BBS4"	"c.1414A>G"	"p.(M472V)"	"missense"	
"130"	"73029876"	"15"	"C"	"T"	"BBS4"	"c.1508C>T"	"p.(P503L)"	"missense"	
"132"	"73002101"	"15"	"A"	"G"	"BBS4"	"c.137A>G"	"p.(K46R)"	"missense"	
"138"	"73009126"	"15"	"TT"	"T"	"BBS4"	"c.341delT"	"p.(L114Wfs*28)"	"frameshift"	
"155"	"73029831"	"15"	"C"	"A"	"BBS4"	"c.1463C>A"	"p.(T488K)"	"missense"	
"146"	"170350279"	"2"	"A"	"G"	"BBS5"	"c.551A>G"	"p.(N184S)"	"missense"	
"121"	"122775945"	"4"	"G"	"A"	"BBS7"	"c.632C>T"	"p.(T211I)"	"missense"	
"136"	"122782813"	"4"	"C"	"T"	"BBS7"	"c.187G>A"	"p.(G63R)"	"missense"	
"137"	"122776642"	"4"	"A"	"G"	"BBS7"	"c.601+2T>C"	"N/A"	"splicing"	
"139"	"122782829"	"4"	"C"	"T"	"BBS7"	"c.171G>A"	"p.(V57V)"	"silent"	
"175"	"33217157"	"7"	"G"	"C"	"BBS9"	"c.396G>C"	"p.(Q132H)"	"missense"	
"451"	"50653796"	"X"	"A"	"C"	"BMP15"	"c.[13A>C]"	"p.S5R"	"missense"	
"350"	"203417496"	"2"	"C"	"T"	"BMPR2"	"c.1471C>T"	"p.(R491W)"	"missense"	
"335"	"102749109"	"10"	"T"	"C"	"C10orf2"	"c.1142T>C"	"p.(L381P)"	"missense"	
"373"	"102748968"	"10"	"G"	"A"	"C10orf2"	"c.1001G>A"	"p.R334Q"	"missense"	
"437"	"29295593"	"2"	"G"	"T"	"C2orf71"	"c.[1535C>A]"	"p.S512*"	"nonsense"	
"110"	"8787330"	"3"	"C"	"T"	"CAV3"	"c.233C>T"	"p.(T78M)"	"missense"	
"134"	"32669645"	"1"	"C"	"T"	"CCDC28B"	"c.330C>T"	"p.(F110F)"	"silent"	
"187"	"47573971"	"6"	"G"	"A"	"CD2AP"	"c.1488G>A"	"p.(M496I)"	"missense"	
"9"	"73544808"	"10"	"T"	"C"	"CDH23"	"c.5663T>C"	"p.(F1888S)"	"missense"	
"12"	"73269885"	"10"	"CC"	"C"	"CDH23"	"c.193delC"	"p.(L65Wfs*49)"	"frameshift"	
"14"	"73572579"	"10"	"C"	"T"	"CDH23"	"c.9565C>T"	"p.(R3189W)"	"missense"	
"15"	"73490271"	"10"	"A"	"G"	"CDH23"	"c.3625A>G"	"p.(T1209A)"	"missense"	
"248"	"73468926"	"10"	"C"	"T"	"CDH23"	"c.3178C>T"	"p.(R1060W)"	"missense"	
"250"	"73571121"	"10"	"C"	"T"	"CDH23"	"c.9127C>T"	"p.(R3043W)"	"missense"	
"379"	"123177428"	"9"	"A"	"G"	"CDK5RAP2"	"c.[4187T>C]"	"p.M1397T"	"missense"	
"426"	"49048432"	"15"	"AAA"	"AT"	"CEP152"	"c.[3014_3015delAAinsT]"	"p.K1005Ifs*16"	"frameshift"	
"143"	"88483212"	"12"	"G"	"C"	"CEP290"	"c.3626C>G"	"p.(S1209C)"	"missense"	
"142"	"130042642"	"7"	"T"	"G"	"CEP41"	"c.423-2A>C"	"N/A"	"splicing"	
"229"	"61714150"	"8"	"C"	"T"	"CHD7"	"c.2440C>T"	"p.(Q814*)"	"nonsense"	
"51"	"105801284"	"10"	"A"	"C"	"COL17A1"	"c.2564T>G"	"p.(L855*)"	"nonsense"	
"52"	"105794469"	"10"	"G"	"A"	"COL17A1"	"c.3676C>T"	"p.(R1226*)"	"nonsense"	
"380"	"228148573"	"2"	"G"	"T"	"COL4A3"	"c.[2746+1G>T]"	"N/A"	"splicing"	
"381"	"228120751"	"2"	"G"	"A"	"COL4A3"	"c.[898G>A]"	"p.G300R"	"missense"	
"382"	"228134679"	"2"	"G"	"C"	"COL4A3"	"c.[1558G>C]"	"p.G520R"	"missense"	
"383"	"228131805"	"2"	"G"	"A"	"COL4A3"	"c.[1504+1G>A]"	"N/A"	"splicing"	
"384"	"228142209"	"2"	"G"	"A"	"COL4A3"	"c.[2065G>A]"	"p.G689R"	"missense"	
"396"	"228163475"	"2"	"G"	"A"	"COL4A3"	"c.[3829G>A]"	"p.G1277S"	"missense"	
"399"	"228173675"	"2"	"A"	"G"	"COL4A3"	"c.[4523A>G]"	"p.N1508S"	"missense"	
"401"	"228162515"	"2"	"G"	"A"	"COL4A3"	"c.[3691G>A]"	"p.G1231S"	"missense"	
"385"	"227896660"	"2"	"C"	"A"	"COL4A4"	"c.[3817+1G>T]"	"N/A"	"splicing"	
"386"	"227924941"	"2"	"C"	"A"	"COL4A4"	"c.[2075G>T]"	"p.G692V"	"missense"	
"387"	"227924852"	"2"	"C"	"T"	"COL4A4"	"c.[2164G>A]"	"p.G722S"	"missense"	
"388"	"227953364"	"2"	"C"	"A"	"COL4A4"	"c.[1623+5G>T]"	"N/A"	"intronic"	
"400"	"227966329"	"2"	"T"	"C"	"COL4A4"	"c.[976-56A>G]"	"N/A"	"intronic"	
"419"	"227872783"	"2"	"G"	"C"	"COL4A4"	"c.[4760C>G]"	"p.P1587R"	"missense"	
"427"	"227953439"	"2"	"C"	"T"	"COL4A4"	"c.[1553G>A]"	"p.G518E"	"missense"	
"428"	"227906917"	"2"	"C"	"G"	"COL4A4"	"c.[3452G>C]"	"p.G1151A"	"missense"	
"429"	"227872844"	"2"	"CA"	"C"	"COL4A4"	"c.[4698delT]"	"p.C1566Wfs*37"	"frameshift"	
"430"	"227958899"	"2"	"CTTCCCTGGTTTTCCTGGA"	"C"	"COL4A4"	"c.[1293_1310del]"	"p.K434_G439del"	"deletion"	
"431"	"227954583"	"2"	"C"	"T"	"COL4A4"	"c.[1459+1G>A]"	"N/A"	"splicing"	
"443"	"227966627"	"2"	"T"	"C"	"COL4A4"	"c.[931-2A>G]"	"N/A"	"splicing"	
"444"	"227896873"	"2"	"C"	"T"	"COL4A4"	"c.[3697G>A]"	"p.G1233R"	"missense"	
"446"	"227872069"	"2"	"C"	"T"	"COL4A4"	"c.[5045G>A]"	"p.R1682Q"	"missense"	
"432"	"107865996"	"X"	"G"	"T"	"COL4A5"	"c.[2858G>T]"	"p.G953V"	"missense"	
"433"	"107842083"	"X"	"G"	"A"	"COL4A5"	"c.[1931G>A]"	"p.G644D"	"missense"	
"434"	"107924141"	"X"	"G"	"A"	"COL4A5"	"c.[4042G>A]"	"p.G1348R"	"missense"	
"435"	"107845124"	"X"	"G"	"T"	"COL4A5"	"c.[2051G>T]"	"p.G864V"	"missense"	
"445"	"107863584"	"X"	"G"	"A"	"COL4A5"	"c.[2605G>A]"	"p.G869R"	"missense"	
"447"	"107821618"	"X"	"G"	"A"	"COL4A5"	"c.[780+5G>A]"	"N/A"	"intronic"	
"448"	"107865087"	"X"	"G"	"A"	"COL4A5"	"c.[2732G>A]"	"p.G911E"	"missense"	
"69"	"98307675"	"3"	"C"	"G"	"CPOX"	"c.835G>C"	"p.(G279R)"	"missense"	
"217"	"53668099"	"1"	"C"	"T"	"CPT2"	"c.338C>T"	"p.(S113L)"	"missense"	
"43"	"38298394"	"2"	"C"	"T"	"CYP1B1"	"c.1103G>A"	"p.(R368H)"	"missense"	
"459"	"38302189"	"2"	"C"	"G"	"CYP1B1"	"c.[343G>C]"	"p.A115P"	"missense"	
"461"	"38301847"	"2"	"C"	"T"	"CYP1B1"	"c.[685G>A]"	"p.E229K"	"missense"	
"255"	"117267049"	"9"	"G"	"C"	"DFNB31"	"c.33C>G"	"p.(S11R)"	"missense"	
"438"	"223178026"	"1"	"T"	"C"	"DISP1"	"c.[3287T>C]"	"p.M1096T"	"missense"	
"338"	"7572112"	"6"	"A"	"C"	"DSP"	"c.1941A>C"	"p.(Q647H)"	"missense"	
"344"	"7542186"	"6"	"C"	"T"	"DSP"	"c.38C>T"	"p.(T13I)"	"missense"	
"346"	"7568685"	"6"	"A"	"AA"	"DSP"	"c.1282_1283insA"	"p.(I428Nfs*3)"	"frameshift"	
"369"	"7563982"	"6"	"C"	"T"	"DSP"	"c.740C>T"	"p.(A247V)"	"missense"	
"270"	"89744658"	"12"	"G"	"A"	"DUSP6"	"c.545C>T"	"p.(S182F)"	"missense"	
"272"	"89744637"	"12"	"T"	"C"	"DUSP6"	"c.566A>G"	"p.(N189S)"	"missense"	
"274"	"89743140"	"12"	"G"	"A"	"DUSP6"	"c.1037C>T"	"p.(T346M)"	"missense"	
"17"	"103191758"	"11"	"G"	"A"	"DYNC2H1"	"c.11747G>A"	"p.(G3916D)"	"missense"	
"203"	"69255328"	"X"	"G"	"A"	"EDA"	"c.1045G>A"	"p.(A349T)"	"missense"	
"208"	"69250346"	"X"	"G"	"C"	"EDA"	"c.769G>C"	"p.(G257R)"	"missense"	
"210"	"69255219"	"X"	"C"	"G"	"EDA"	"c.936C>G"	"p.(I312M)"	"missense"	
"211"	"68836405"	"X"	"GT"	"G"	"EDA"	"c.252delT"	"p.(G85Afs*6)"	"frameshift"	
"212"	"69176937"	"X"	"C"	"T"	"EDA"	"c.457C>T"	"p.(R153C)"	"missense"	
"286"	"69176946"	"X"	"C"	"T"	"EDA"	"c.466C>T"	"p.(R156C)"	"missense"	
"37"	"78475230"	"13"	"C"	"T"	"EDNRB"	"c.914G>A"	"p.(S305N)"	"missense"	
"65"	"153608643"	"X"	"T"	"G"	"EMD"	"c.315T>G"	"p.(Y105*)"	"nonsense"	
"294"	"153608076"	"X"	"AAGA"	"A"	"EMD"	"c.110_112delAGA"	"p.(K37del)"	"deletion"	
"418"	"6449797"	"6"	"C"	"T"	"EYS"	"c.[7723+1G>A]"	"N/A"	"splicing"	
"80"	"169519049"	"1"	"C"	"T"	"F5"	"c.1601G>A"	"p.(R534Q)"	"missense"	
"55"	"155510666"	"4"	"G"	"A"	"FGA"	"c.103C>T"	"p.(R35C)"	"missense"	
"22"	"38279371"	"8"	"A"	"G"	"FGFR1"	"c.1025T>C"	"p.(L342S)"	"missense"	
"24"	"38275767"	"8"	"C"	"A"	"FGFR1"	"c.1409G>T"	"p.(R470L)"	"missense"	
"32"	"38287386"	"8"	"GCAGCCGA"	"G"	"FGFR1"	"c.165_171del"	"p.(C55fs*45)"	"frameshift"	
"219"	"38287208"	"8"	"T"	"C"	"FGFR1"	"c.350A>G"	"p.(N117S)"	"missense"	
"223"	"38283703"	"8"	"A"	"C"	"FGFR1"	"c.682T>G"	"p.(Y228D)"	"missense"	
"227"	"38282109"	"8"	"G"	"C"	"FGFR1"	"c.854C>G"	"p.(P285R)"	"missense"	
"267"	"38279354"	"8"	"C"	"T"	"FGFR1"	"c.1042G>A"	"p.(G348R)"	"missense"	
"271"	"38271781"	"8"	"T"	"C"	"FGFR1"	"c.2075A>G"	"p.(E692G)"	"missense"	
"275"	"38275493"	"8"	"G"	"T"	"FGFR1"	"c.1447C>A"	"p.(P483T)"	"missense"	
"276"	"38272117"	"8"	"C"	"T"	"FGFR1"	"c.2008G>A"	"p.(E670K)"	"missense"	
"292"	"38274936"	"8"	"T"	"C"	"FGFR1"	"c.1553-2A>G"	"N/A"	"splicing"	
"330"	"38273432"	"8"	"C"	"T"	"FGFR1"	"c.1810G>A"	"p.(A604T)"	"missense"	
"54"	"155530877"	"4"	"C"	"T"	"FGG"	"c.571G>A"	"p.(G191R)"	"missense"	
"407"	"71017649"	"2"	"G"	"A"	"FIGLA"	"c.[122C>T]"	"p.A41V"	"missense"	
"277"	"14307948"	"20"	"G"	"T"	"FLRT3"	"c.205C>A"	"p.(Q69K)"	"missense"	
"77"	"1611288"	"6"	"CC"	"C"	"FOXC1"	"c.609delC"	"p.(A402Rfs*111)"	"frameshift"	
"8"	"169535251"	"5"	"G"	"A"	"FOXI1"	"c.773G>A"	"p.(G258E)"	"missense"	
"406"	"138665552"	"3"	"A"	"T"	"FOXL2"	"c.[13T>A]"	"p.Y5N"	"missense"	
"61"	"86662548"	"11"	"C"	"T"	"FZD4"	"c.1250G>A"	"p.(R417Q)"	"missense"	
"81"	"86662295"	"11"	"AAG"	"A"	"FZD4"	"c.1501_1502delCT"	"p.(L501Sfs*33)"	"frameshift"	
"453"	"34648847"	"9"	"G"	"A"	"GALT"	"c.[776G>A]"	"p.R259Q"	"missense"	
"67"	"75272419"	"8"	"C"	"T"	"GDAP1"	"c.358C>T"	"p.(R120W)"	"missense"	
"244"	"75274121"	"8"	"C"	"T"	"GDAP1"	"c.487C>T"	"p.(Q163*)"	"nonsense"	
"452"	"132197286"	"5"	"G"	"A"	"GDF9"	"c.[1360C>T]"	"p.R454C"	"missense"	
"454"	"132199919"	"5"	"G"	"A"	"GDF9"	"c.[307C>T]"	"p.P103S"	"missense"	
"238"	"37816112"	"5"	"G"	"A"	"GDNF"	"c.277C>T"	"p.(R93W)"	"missense"	
"75"	"85781392"	"2"	"C"	"T"	"GGCX"	"c.763G>A"	"p.(V255M)"	"missense"	
"3"	"20763485"	"13"	"AG"	"A"	"GJB2"	"c.235delC"	"p.(L79Cfs*3)"	"frameshift"	
"6"	"20763420"	"13"	"CAT"	"C"	"GJB2"	"c.299_300delAT"	"p.(H100Rfs*14)"	"frameshift"	
"337"	"20763685"	"13"	"AC"	"A"	"GJB2"	"c.35delG"	"p.(G12Vfs*2)"	"frameshift"	
"417"	"20763234"	"13"	"T"	"C"	"GJB2"	"c.[487A>G]"	"p.M163V"	"missense"	
"4"	"35250860"	"1"	"A"	"G"	"GJB3"	"c.497A>G"	"p.(N166S)"	"missense"	
"5"	"35250943"	"1"	"G"	"A"	"GJB3"	"c.580G>A"	"p.(A194T)"	"missense"	
"25"	"68619737"	"4"	"T"	"C"	"GNRHR"	"c.317A>G"	"p.(Q106R)"	"missense"	
"26"	"68606400"	"4"	"C"	"T"	"GNRHR"	"c.785G>A"	"p.(R262Q)"	"missense"	
"220"	"68619807"	"4"	"G"	"C"	"GNRHR"	"c.247C>G"	"p.(L83V)"	"missense"	
"333"	"68610309"	"4"	"C"	"T"	"GNRHR"	"c.719G>A"	"p.(R240Q)"	"missense"	
"359"	"68619786"	"4"	"C"	"T"	"GNRHR"	"c.268G>A"	"p.(E90K)"	"missense"	
"252"	"90086765"	"5"	"G"	"T"	"GPR98"	"c.14119G>T"	"p.(D4707Y)"	"missense"	
"253"	"89925080"	"5"	"T"	"TT"	"GPR98"	"c.1563dupT"	"p.(P522Sfs*8)"	"frameshift"	
"254"	"90151630"	"5"	"CAT"	"C"	"GPR98"	"c.17668_17669delAT"	"p.(M5890Vfs*10)"	"frameshift"	
"264"	"90144570"	"5"	"TG"	"T"	"GPR98"	"c.17137delG"	"p.(A5713Lfs*3)"	"frameshift"	
"356"	"89941910"	"5"	"T"	"G"	"GPR98"	"c.3022+2T>G"	"N/A"	"splicing"	
"63"	"35775902"	"19"	"G"	"A"	"HAMP"	"c.212G>A"	"p.(G71D)"	"missense"	
"85"	"35775748"	"19"	"GATGGT"	"G"	"HAMP"	"c.148_150+2delATGGT"	"p.(M50del)"	"deletion"	
"84"	"26093141"	"6"	"G"	"A"	"HFE"	"c.845G>A"	"p.(C282Y)"	"missense"	
"82"	"118960778"	"11"	"G"	"T"	"HMBS"	"c.422+1G>T"	"N/A"	"splicing"	
"280"	"121432125"	"12"	"C"	"CC"	"HNF1A"	"c.872dup"	"p.(G292Rfs*25)"	"frameshift"	
"281"	"43042348"	"20"	"C"	"T"	"HNF4A"	"c.400C>T"	"p.(R127W)"	"missense"	
"200"	"117864063"	"11"	"A"	"G"	"IL10RA"	"c.475A>G"	"p.(S159G)"	"missense"	
"201"	"117869670"	"11"	"A"	"G"	"IL10RA"	"c.1051A>G"	"p.(R351G)"	"missense"	
"266"	"57135235"	"3"	"T"	"C"	"IL17RD"	"c.1136A>G"	"p.(Y379C)"	"missense"	
"268"	"57130437"	"3"	"G"	"A"	"IL17RD"	"c.2204C>T"	"p.(A735V)"	"missense"	
"279"	"56086993"	"12"	"C"	"T"	"ITGA7"	"c.2656G>A"	"p.(E882K)"	"missense"	
"345"	"39920993"	"17"	"C"	"T"	"JUP"	"c.1130G>A"	"p.(R377H)"	"missense"	
"347"	"39919339"	"17"	"G"	"A"	"JUP"	"c.1393C>T"	"p.(R465C)"	"missense"	
"21"	"8536293"	"X"	"G"	"A"	"KAL1"	"c.1187C>T"	"p.(S396L)"	"missense"	
"27"	"8504893"	"X"	"C"	"T"	"KAL1"	"c.1540G>A"	"p.(E514K)"	"missense"	
"29"	"8565125"	"X"	"CAAC"	"C"	"KAL1"	"c.488_490delGTT"	"p.(C163del)"	"deletion"	
"218"	"8522080"	"X"	"G"	"A"	"KAL1"	"c.1267C>T"	"p.(R423*)"	"nonsense"	
"221"	"8507740"	"X"	"T"	"C"	"KAL1"	"c.1414A>G"	"p.(T472A)"	"missense"	
"228"	"8503847"	"X"	"C"	"T"	"KAL1"	"c.1627G>A"	"p.(V543I)"	"missense"	
"293"	"8503715"	"X"	"C"	"A"	"KAL1"	"c.1759G>T"	"p.(V587L)"	"missense"	
"351"	"5154760"	"12"	"TA"	"T"	"KCNA5"	"c.1448del"	"p.(Y483Sfs*4)"	"frameshift"	
"87"	"35821554"	"21"	"G"	"T"	"KCNE1"	"c.379C>A"	"p.(P127T)"	"missense"	
"89"	"35821680"	"21"	"C"	"T"	"KCNE1"	"c.253G>A"	"p.(D85N)"	"missense"	
"93"	"35821712"	"21"	"G"	"A"	"KCNE1"	"c.221C>T"	"p.(S74L)"	"missense"	
"101"	"35821838"	"21"	"C"	"T"	"KCNE1"	"c.95G>A"	"p.(R32H)"	"missense"	
"109"	"35742955"	"21"	"T"	"C"	"KCNE2"	"c.178T>C"	"p.(F60L)"	"missense"	
"2"	"150645943"	"7"	"C"	"T"	"KCNH2"	"c.2592+1G>A"	"N/A"	"splicing"	
"92"	"150644895"	"7"	"G"	"A"	"KCNH2"	"c.2764C>T"	"p.(R922W)"	"missense"	
"94"	"150648799"	"7"	"G"	"A"	"KCNH2"	"c.1682C>T"	"p.(A561V)"	"missense"	
"95"	"150645954"	"7"	"T"	"A"	"KCNH2"	"c.2582A>T"	"p.(N861I)"	"missense"	
"96"	"150671974"	"7"	"G"	"T"	"KCNH2"	"c.132C>A"	"p.(C44*)"	"nonsense"	
"97"	"150648548"	"7"	"T"	"A"	"KCNH2"	"c.1933A>T"	"p.(M645L)"	"missense"	
"98"	"150648656"	"7"	"C"	"T"	"KCNH2"	"c.1825G>A"	"p.(D609N)"	"missense"	
"99"	"150654573"	"7"	"G"	"A"	"KCNH2"	"c.934C>T"	"p.(R312C)"	"missense"	
"104"	"150644884"	"7"	"G"	"GG"	"KCNH2"	"c.2775dup"	"p.(P926fsAfs*14)"	"frameshift"	
"106"	"150644817"	"7"	"G"	"A"	"KCNH2"	"c.2842C>T"	"p.(R948C)"	"missense"	
"108"	"150671808"	"7"	"G"	"C"	"KCNH2"	"c.298C>G"	"p.(R100G)"	"missense"	
"111"	"150644921"	"7"	"G"	"A"	"KCNH2"	"c.2738C>T"	"p.(A913V)"	"missense"	
"233"	"160011281"	"1"	"G"	"A"	"KCNJ10"	"c.1042C>T"	"p.(R348C)"	"missense"	
"235"	"160011742"	"1"	"G"	"T"	"KCNJ10"	"c.581C>A"	"p.(P194H)"	"missense"	
"1"	"2604765"	"11"	"C"	"A"	"KCNQ1"	"c.1022C>A"	"p.(A341E)"	"missense"	
"86"	"2604765"	"11"	"C"	"T"	"KCNQ1"	"c.1022C>T"	"p.(A341V)"	"missense"	
"88"	"2591882"	"11"	"G"	"A"	"KCNQ1"	"c.502G>A"	"p.(G168R)"	"missense"	
"90"	"2604678"	"11"	"C"	"T"	"KCNQ1"	"c.935C>T"	"p.(T312I)"	"missense"	
"91"	"2591949"	"11"	"G"	"A"	"KCNQ1"	"c.569G>A"	"p.(R190Q)"	"missense"	
"103"	"2591941"	"11"	"CT"	"C"	"KCNQ1"	"c.562delT"	"p.(W188Gfs*49)"	"frameshift"	
"105"	"2593287"	"11"	"G"	"C"	"KCNQ1"	"c.728G>C"	"p.(R243P)"	"missense"	
"231"	"2593319"	"11"	"G"	"A"	"KCNQ1"	"c.760G>A"	"p.(V254M)"	"missense"	
"237"	"2790111"	"11"	"C"	"T"	"KCNQ1"	"c.1552C>T"	"p.(R518*)"	"nonsense"	
"224"	"919933"	"19"	"G"	"A"	"KISS1R"	"c.565G>A"	"p.(A189T)"	"missense"	
"269"	"919949"	"19"	"C"	"A"	"KISS1R"	"c.581C>A"	"p.(A194D)"	"missense"	
"78"	"39739598"	"17"	"C"	"T"	"KRT14"	"c.1163G>A"	"p.(R388H)"	"missense"	
"402"	"39740058"	"17"	"A"	"G"	"KRT14"	"c.[881T>C]"	"p.M294T"	"missense"	
"403"	"39740124"	"17"	"A"	"G"	"KRT14"	"c.[815T>C]"	"p.M272T"	"missense"	
"79"	"52913533"	"12"	"A"	"G"	"KRT5"	"c.548T>C"	"p.(I183T)"	"missense"	
"449"	"52913617"	"12"	"A"	"G"	"KRT5"	"c.[464T>C]"	"p.L155P"	"missense"	
"450"	"52910448"	"12"	"C"	"T"	"KRT5"	"c.[1412G>A]"	"p.R471H"	"missense"	
"367"	"6978311"	"18"	"G"	"A"	"LAMA1"	"c.6074C>T"	"p.(T2025M)"	"missense"	
"368"	"6965341"	"18"	"G"	"A"	"LAMA1"	"c.7141C>T"	"p.(R2381C)"	"missense"	
"53"	"209799066"	"1"	"G"	"A"	"LAMB3"	"c.1903C>T"	"p.(R635*)"	"nonsense"	
"204"	"70411361"	"6"	"TC"	"T"	"LMBRD1"	"c.1056delG"	"p.(N353Ifs*18)"	"frameshift"	
"66"	"156105731"	"1"	"T"	"A"	"LMNA"	"c.976T>A"	"p.(S326T)"	"missense"	
"295"	"156105059"	"1"	"C"	"T"	"LMNA"	"c.892C>T"	"p.(R298C)"	"missense"	
"62"	"68154098"	"11"	"C"	"T"	"LRP5"	"c.1330C>T"	"p.(R444C)"	"missense"	
"465"	"68192694"	"11"	"A"	"G"	"LRP5"	"c.[3361A>G]"	"p.N1121D"	"missense"	
"436"	"39995540"	"9"	"C"	"T"	"MAN1B1"	"c.[1000C>T]"	"p.R334C"	"missense"	
"393"	"3293310"	"16"	"A"	"G"	"MEFV"	"c.[2177T>C]"	"p.V726A"	"missense"	
"394"	"3304626"	"16"	"C"	"G"	"MEFV"	"c.[442G>C]"	"p.E148Q"	"missense"	
"395"	"3293407"	"16"	"T"	"C"	"MEFV"	"c.[2080A>G]"	"p.M694V"	"missense"	
"68"	"12057357"	"1"	"GTG"	"G"	"MFN2"	"c.479_480delTG"	"p.(V160Efs*27)"	"frameshift"	
"245"	"12064892"	"1"	"G"	"A"	"MFN2"	"c.1403G>A"	"p.(R468H)"	"missense"	
"46"	"70008536"	"3"	"GA"	"G"	"MITF"	"c.824delA"	"p.(E275Gfs*37)"	"frameshift"	
"439"	"70008431"	"3"	"C"	"T"	"MITF"	"c.[1021C>T]"	"p.R341C"	"missense"	
"113"	"10394053"	"20"	"T"	"C"	"MKKS"	"c.110A>G"	"p.(Y37C)"	"missense"	
"115"	"10393439"	"20"	"C"	"A"	"MKKS"	"c.724G>T"	"p.(A242S)"	"missense"	
"117"	"10393721"	"20"	"G"	"A"	"MKKS"	"c.442C>T"	"p.(Q148*)"	"nonsense"	
"124"	"10393457"	"20"	"A"	"G"	"MKKS"	"c.706T>C"	"p.(S236P)"	"missense"	
"126"	"10393190"	"20"	"T"	"G"	"MKKS"	"c.973A>C"	"p.(T325P)"	"missense"	
"168"	"10389422"	"20"	"T"	"C"	"MKKS"	"c.1015A>G"	"p.(I339V)"	"missense"	
"178"	"10393237"	"20"	"C"	"T"	"MKKS"	"c.926G>A"	"p.(R309H)"	"missense"	
"289"	"10386113"	"20"	"A"	"C"	"MKKS"	"c.1495T>G"	"p.(C499S)"	"missense"	
"205"	"237058770"	"1"	"C"	"T"	"MTR"	"c.3518C>T"	"p.(P1173L)"	"missense"	
"340"	"23886722"	"14"	"T"	"A"	"MYH7"	"c.4343A>T"	"p.(N1448I)"	"missense"	
"342"	"23894012"	"14"	"T"	"C"	"MYH7"	"c.2645A>G"	"p.(Q882R)"	"missense"	
"278"	"33582046"	"20"	"C"	"T"	"MYH7B"	"c.2668C>T"	"p.(R890C)"	"missense"	
"215"	"76551016"	"6"	"A"	"G"	"MYO6"	"c.737A>G"	"p.(H246R)"	"missense"	
"206"	"76890119"	"11"	"G"	"T"	"MYO7A"	"c.2311G>T"	"p.(A771S)"	"missense"	
"246"	"76922215"	"11"	"C"	"T"	"MYO7A"	"c.6070C>T"	"p.(R2024*)"	"nonsense"	
"247"	"76873900"	"11"	"G"	"A"	"MYO7A"	"c.1556G>A"	"p.(G519D)"	"missense"	
"251"	"76890090"	"11"	"G"	"T"	"MYO7A"	"c.2283-1G>T"	"N/A"	"splicing"	
"256"	"76901093"	"11"	"C"	"T"	"MYO7A"	"c.3659C>T"	"p.(P1220L)"	"missense"	
"44"	"171605384"	"1"	"C"	"A"	"MYOC"	"c.1196G>T"	"p.(G399V)"	"missense"	
"45"	"171621608"	"1"	"C"	"A"	"MYOC"	"c.144G>T"	"p.(Q48H)"	"missense"	
"16"	"170458984"	"4"	"A"	"AT"	"NEK1"	"c.1640insA"	"p.(N547Kfs*2)"	"frameshift"	
"352"	"182545307"	"2"	"C"	"T"	"NEUROD1"	"c.-162G>A"	"N/A"	"intronic"	
"354"	"182542865"	"2"	"G"	"C"	"NEUROD1"	"c.723C>G"	"p.(H241Q)"	"missense"	
"341"	"78392229"	"1"	"A"	"G"	"NEXN"	"c.620A>G"	"p.(D207G)"	"missense"	
"363"	"78395131"	"1"	"A"	"C"	"NEXN"	"c.995A>C"	"p.(E332A)"	"missense"	
"440"	"247587343"	"1"	"G"	"A"	"NLRP3"	"c.[592G>A]"	"p.V198M"	"missense"	
"441"	"247587277"	"1"	"C"	"T"	"NLRP3"	"c.[526C>T]"	"p.R176W"	"missense"	
"408"	"144096892"	"7"	"T"	"G"	"NOBOX"	"c.[1112A>C]"	"p.K371T"	"missense"	
"410"	"144098983"	"7"	"C"	"A"	"NOBOX"	"c.[271G>T]"	"p.G91W"	"missense"	
"460"	"144094553"	"7"	"G"	"A"	"NOBOX"	"c.[1856C>T]"	"p.P619L"	"missense"	
"202"	"50757270"	"16"	"A"	"G"	"NOD2"	"c.2857A>G"	"p.(K953E)"	"missense"	
"19"	"36342288"	"19"	"T"	"G"	"NPHS1"	"c.275-2A>C"	"N/A"	"splicing"	
"188"	"36340187"	"19"	"G"	"C"	"NPHS1"	"c.791C>G"	"p.(P264R)"	"missense"	
"191"	"36339583"	"19"	"G"	"C"	"NPHS1"	"c.1126C>G"	"p.(L376V)"	"missense"	
"214"	"36336259"	"19"	"G"	"T"	"NPHS1"	"c.1930+11C>A"	"N/A"	"intronic"	
"282"	"36333453"	"19"	"C"	"T"	"NPHS1"	"c.2335-1G>A"	"N/A"	"splicing"	
"284"	"36341311"	"19"	"T"	"A"	"NPHS1"	"c.563A>T"	"p.(N188I)"	"missense"	
"18"	"179530462"	"1"	"C"	"T"	"NPHS2"	"c.413G>A"	"p.(R138Q)"	"missense"	
"186"	"179526278"	"1"	"C"	"T"	"NPHS2"	"c.622G>A"	"p.(A208T)"	"missense"	
"189"	"179520511"	"1"	"CA"	"C"	"NPHS2"	"c.948delT"	"p.(A317Lfs*31)"	"frameshift"	
"283"	"179526214"	"1"	"C"	"T"	"NPHS2"	"c.686G>A"	"p.(R229Q)"	"missense"	
"285"	"179530438"	"1"	"CT"	"C"	"NPHS2"	"c.436delA"	"p.(R146Efs*35)"	"frameshift"	
"23"	"140347052"	"9"	"CAGGCCACA"	"C"	"NSMF"	"c.1132-22_1132-15del"	"p.(Y376*)"	"nonsense"	
"28"	"140349707"	"9"	"C"	"T"	"NSMF"	"c.757G>A"	"p.(A253T)"	"missense"	
"30"	"140346900"	"9"	"G"	"A"	"NSMF"	"c.1160-13C>T"	"N/A"	"intronic"	
"48"	"28230247"	"15"	"C"	"T"	"OCA2"	"c.1327G>A"	"p.(V443I)"	"missense"	
"50"	"28326942"	"15"	"C"	"T"	"OCA2"	"c.79G>A"	"p.(G27R)"	"missense"	
"196"	"28000554"	"15"	"C"	"A"	"OCA2"	"c.2497G>T"	"p.(V833L)"	"missense"	
"199"	"28228553"	"15"	"C"	"T"	"OCA2"	"c.1441G>A"	"p.(A481T)"	"missense"	
"35"	"146071731"	"4"	"C"	"A"	"OTUD4"	"c.998G>T"	"p.(G333V)"	"missense"	
"41"	"162622173"	"6"	"GT"	"G"	"PARK2"	"c.523delA"	"p.(T175Pfs*2)"	"frameshift"	
"39"	"8025408"	"1"	"G"	"T"	"PARK7"	"c.115G>T"	"p.(A39S)"	"missense"	
"11"	"55581882"	"10"	"GTTG"	"G"	"PCDH15"	"c.5601_5603delAAC"	"p.(T1869del)"	"deletion"	
"13"	"56424006"	"10"	"TA"	"T"	"PCDH15"	"c.16delT"	"p.(Y6Ifs*6)"	"frameshift"	
"207"	"56138703"	"10"	"C"	"T"	"PCDH15"	"c.158-1G>A"	"N/A"	"splicing"	
"458"	"20799762"	"12"	"G"	"A"	"PDE3A"	"c.[1477G>A]"	"p.G493R"	"missense"	
"353"	"28498656"	"13"	"G"	"A"	"PDX1"	"c.670G>A"	"p.(E224K)"	"missense"	
"259"	"102789810"	"10"	"C"	"CG"	"PDZD7"	"c.166dupC"	"p.(R56Pfs*24)"	"frameshift"	
"263"	"102772017"	"10"	"T"	"C"	"PDZD7"	"c.1750-2A>G"	"N/A"	"splicing"	
"265"	"102770442"	"10"	"GGGGGTGTGCA"	"G"	"PDZD7"	"c.2194_2203del"	"p.(C732Lfs*18)"	"frameshift"	
"357"	"102789899"	"10"	"GGA"	"G"	"PDZD7"	"c.76_77del"	"p.(S26Lfs*53)"	"frameshift"	
"40"	"20975070"	"1"	"C"	"T"	"PINK1"	"c.1196C>T"	"p.(P399L)"	"missense"	
"42"	"20960216"	"1"	"G"	"GGCAGGG"	"PINK1"	"c.170_175dup"	"p.(R58_V59insGR )"	"insertion"	
"76"	"111539399"	"4"	"G"	"A"	"PITX2"	"c.698C>T"	"p.(S233L)"	"missense"	
"71"	"89865023"	"15"	"C"	"T"	"POLG"	"c.2542G>A"	"p.(G848S)"	"missense"	
"334"	"89864147"	"15"	"T"	"C"	"POLG"	"c.2831A>G"	"p.(E944G)"	"missense"	
"296"	"72358167"	"10"	"G"	"A"	"PRF1"	"c.1310C>T"	"p.(A437V)"	"missense"	
"298"	"72360387"	"10"	"G"	"A"	"PRF1"	"c.272C>T"	"p.(A91V)"	"missense"	
"300"	"72358485"	"10"	"G"	"A"	"PRF1"	"c.992C>T"	"p.(S331L)"	"missense"	
"305"	"72358248"	"10"	"C"	"T"	"PRF1"	"c.1229G>A"	"p.(R410Q)"	"missense"	
"308"	"72360649"	"10"	"G"	"A"	"PRF1"	"c.10C>T"	"p.(R4C)"	"missense"	
"311"	"72360608"	"10"	"CA"	"C"	"PRF1"	"c.50delT"	"p.(L17Rfs*34)"	"frameshift"	
"313"	"72360214"	"10"	"C"	"T"	"PRF1"	"c.445G>A"	"p.(G149S)"	"missense"	
"316"	"72358822"	"10"	"A"	"T"	"PRF1"	"c.655T>A"	"p.(Y219N)"	"missense"	
"225"	"71834134"	"3"	"C"	"G"	"PROK2"	"c.70G>C"	"p.(A24P)"	"missense"	
"358"	"71821916"	"3"	"G"	"A"	"PROK2"	"c.349C>T"	"p.(R117W)"	"missense"	
"20"	"5283323"	"20"	"A"	"C"	"PROKR2"	"c.518T>G"	"p.(L173R)"	"missense"	
"222"	"5294865"	"20"	"C"	"T"	"PROKR2"	"c.151G>A"	"p.(A51T)"	"missense"	
"226"	"5294673"	"20"	"C"	"T"	"PROKR2"	"c.343G>A"	"p.(V115M)"	"missense"	
"329"	"5294762"	"20"	"C"	"A"	"PROKR2"	"c.254G>T"	"p.(R85L)"	"missense"	
"331"	"5283039"	"20"	"G"	"A"	"PROKR2"	"c.802C>T"	"p.(R268C)"	"missense"	
"332"	"5282850"	"20"	"C"	"T"	"PROKR2"	"c.991G>A"	"p.(V331M)"	"missense"	
"416"	"5294763"	"20"	"G"	"A"	"PROKR2"	"c.[253C>T]"	"p.R85C"	"missense"	
"370"	"42689519"	"6"	"A"	"G"	"PRPH2"	"c.554T>C"	"p.(L185P)"	"missense"	
"422"	"58737688"	"14"	"TAAG"	"T"	"PSMA3"	"c.[696_698delAAG]"	"p.R233del"	"deletion"	
"423"	"58724718"	"14"	"T"	"G"	"PSMA3"	"c.[404+2T>G]"	"p.H111Ffs*10"	"frameshift"	
"377"	"151372107"	"1"	"G"	"GG"	"PSMB4"	"c.[44insG]"	"p.P16Sfs*45"	"frameshift"	
"378"	"151373804"	"1"	"C"	"A"	"PSMB4"	"c.[666C>A]"	"p.Y222*"	"nonsense"	
"375"	"32810790"	"6"	"G"	"A"	"PSMB8"	"c.[224C>T]"	"p.T75M"	"missense"	
"425"	"32810543"	"6"	"T"	"G"	"PSMB8"	"c.[313A>C]"	"p.K105Q"	"missense"	
"424"	"32826244"	"6"	"G"	"A"	"PSMB9"	"c.[494G>A]"	"p.G165D"	"missense"	
"216"	"64527223"	"11"	"G"	"A"	"PYGM"	"c.148C>T"	"p.(R50*)"	"nonsense"	
"328"	"55520855"	"15"	"A"	"C"	"RAB27A"	"c.295T>G"	"p.(F99V)"	"missense"	
"343"	"112572217"	"10"	"C"	"T"	"RBM20"	"c.2062C>T"	"p.(R688*)"	"nonsense"	
"405"	"24642619"	"14"	"A"	"G"	"REC8"	"c.[461A>G]"	"p.Q154R"	"missense"	
"38"	"43609989"	"10"	"C"	"T"	"RET"	"c.1941C>T"	"p.(I647I)"	"silent"	
"239"	"43613914"	"10"	"CC"	"C"	"RET"	"c.2379delC"	"p.(C794Afs*75)"	"frameshift"	
"36"	"5680916"	"7"	"G"	"A"	"RNF216"	"c.2251C>T"	"p.(R751C)"	"missense"	
"371"	"62380922"	"11"	"G"	"GG"	"ROM1"	"c.239dup"	"p.(V81Cfs*51)"	"frameshift"	
"372"	"62381092"	"11"	"G"	"GG"	"ROM1"	"c.339dup"	"p.(L114Afs*18)"	"frameshift"	
"390"	"10480386"	"8"	"G"	"GA"	"RP1L1"	"c.[326_327insT]"	"p.K111Qfs*27"	"frameshift"	
"392"	"10464491"	"8"	"G"	"A"	"RP1L1"	"c.[7117C>T]"	"p.Q2373*"	"nonsense"	
"72"	"166848731"	"2"	"G"	"A"	"SCN1A"	"c.5054C>T"	"p.(A1685V)"	"missense"	
"73"	"166172168"	"2"	"G"	"A"	"SCN2A"	"c.1571G>A"	"p.(R524Q)"	"missense"	
"100"	"38592932"	"3"	"C"	"T"	"SCN5A"	"c.4931G>A"	"p.(R1644H)"	"missense"	
"102"	"38592995"	"3"	"C"	"T"	"SCN5A"	"c.4868G>A"	"p.(R1623Q)"	"missense"	
"107"	"38592408"	"3"	"C"	"T"	"SCN5A"	"c.5455G>A"	"p.(D1819N)"	"missense"	
"230"	"38645378"	"3"	"G"	"T"	"SCN5A"	"c.1715C>A"	"p.(A572D)"	"missense"	
"236"	"38593010"	"3"	"GGAG"	"G"	"SCN5A"	"c.4850_4852delTCT"	"p.(F1617del)"	"deletion"	
"389"	"39536404"	"14"	"C"	"G"	"SEC23A"	"c.[1200G>C]"	"p.M400I"	"missense"	
"391"	"155595943"	"7"	"G"	"T"	"SHH"	"c.[1040C>A]"	"p.P347Q"	"missense"	
"7"	"107302171"	"7"	"G"	"C"	"SLC26A4"	"c.85G>C"	"p.(E29Q)"	"missense"	
"232"	"107323898"	"7"	"A"	"G"	"SLC26A4"	"c.919-2A>G"	"N/A"	"splicing"	
"234"	"107329499"	"7"	"T"	"C"	"SLC26A4"	"c.1003T>C"	"p.(F335L)"	"missense"	
"56"	"44539792"	"2"	"T"	"C"	"SLC3A1"	"c.1400T>C"	"p.(M467T)"	"missense"	
"59"	"44508562"	"2"	"C"	"T"	"SLC3A1"	"c.647C>T"	"p.(T216M)"	"missense"	
"193"	"33951770"	"5"	"C"	"T"	"SLC45A2"	"c.1045G>A"	"p.(G349R)"	"missense"	
"195"	"33982425"	"5"	"C"	"G"	"SLC45A2"	"c.478G>C"	"p.(D160H)"	"missense"	
"197"	"33964121"	"5"	"C"	"T"	"SLC45A2"	"c.563G>A"	"p.(G188D)"	"missense"	
"57"	"33353033"	"19"	"T"	"C"	"SLC7A9"	"c.695A>G"	"p.(Y232C)"	"missense"	
"58"	"33355167"	"19"	"C"	"T"	"SLC7A9"	"c.313G>A"	"p.(G105R)"	"missense"	
"404"	"45741416"	"22"	"T"	"A"	"SMC1B"	"c.[3530A>T]"	"p.Q1177L"	"missense"	
"409"	"45798405"	"22"	"A"	"G"	"SMC1B"	"c.[662T>C]"	"p.I221T"	"missense"	
"273"	"141694021"	"5"	"G"	"T"	"SPRY4"	"c.722C>A"	"p.(S241Y)"	"missense"	
"325"	"144507985"	"6"	"C"	"T"	"STX11"	"c.221C>T"	"p.(T74M)"	"missense"	
"327"	"144507773"	"6"	"C"	"A"	"STX11"	"c.9C>A"	"p.(D3E)"	"missense"	
"315"	"7708058"	"19"	"C"	"T"	"STXBP2"	"c.1034C>T"	"p.(T345M)"	"missense"	
"317"	"7712287"	"19"	"G"	"C"	"STXBP2"	"c.1586G>C"	"p.(R529P)"	"missense"	
"318"	"7712054"	"19"	"G"	"A"	"STXBP2"	"c.1459G>A"	"p.(V487M)"	"missense"	
"319"	"7707311"	"19"	"C"	"T"	"STXBP2"	"c.795-4C>T"	"N/A"	"intronic"	
"320"	"7707660"	"19"	"C"	"T"	"STXBP2"	"c.911C>T"	"p.(T304M)"	"missense"	
"322"	"7712708"	"19"	"G"	"A"	"STXBP2"	"c.*12G>A"	"N/A"	"intronic"	
"323"	"7707140"	"19"	"C"	"T"	"STXBP2"	"c.715C>T"	"p.(P239S)"	"missense"	
"326"	"7706729"	"19"	"C"	"T"	"STXBP2"	"c.568C>T"	"p.(R190C)"	"missense"	
"31"	"104577415"	"4"	"C"	"T"	"TACR3"	"c.824G>A"	"p.(W275*)"	"nonsense"	
"412"	"27158085"	"9"	"A"	"C"	"TEK"	"c.[309A>C]"	"p.E103D"	"missense"	
"413"	"27168571"	"9"	"T"	"C"	"TEK"	"c.[443T>C]"	"p.I148T"	"missense"	
"414"	"27172626"	"9"	"A"	"C"	"TEK"	"c.[641A>C]"	"p.Q214P"	"missense"	
"415"	"27204927"	"9"	"G"	"C"	"TEK"	"c.[2228G>C]"	"p.G743A"	"missense"	
"33"	"71831283"	"9"	"T"	"C"	"TJP2"	"c.143T>C"	"p.(V48A)"	"missense"	
"336"	"43809151"	"21"	"TG"	"T"	"TMPRSS3"	"c.208delC"	"p.(H70Tfs*19)"	"frameshift"	
"464"	"43795896"	"21"	"C"	"T"	"TMPRSS3"	"c.[1276G>A]"	"p.A426T"	"missense"	
"442"	"6442643"	"12"	"C"	"T"	"TNFRSF1A"	"c.[362G>A]"	"p.R121Q"	"missense"	
"411"	"141381176"	"8"	"A"	"G"	"TRAPPC9"	"c.[1532T>C]"	"p.M511T"	"missense"	
"374"	"27521582"	"2"	"G"	"A"	"TRIM54"	"c.[316G>A]"	"p.D106N"	"missense"	
"421"	"26384973"	"1"	"G"	"A"	"TRIM63"	"c.[739C>T]"	"p.Q247*"	"nonsense"	
"174"	"89336504"	"14"	"C"	"G"	"TTC8"	"c.1011C>G"	"p.(F337L)"	"missense"	
"181"	"89307456"	"14"	"G"	"A"	"TTC8"	"c.405G>A"	"p.(M135I)"	"missense"	
"182"	"89307227"	"14"	"A"	"G"	"TTC8"	"c.284A>G"	"p.(K95R)"	"missense"	
"339"	"179571381"	"2"	"G"	"C"	"TTN"	"c.28269C>G"	"p.(N9423K)"	"missense"	
"361"	"179632598"	"2"	"C"	"T"	"TTN"	"c.9359G>A"	"p.(R3120Q)"	"missense"	
"362"	"179404550"	"2"	"G"	"A"	"TTN"	"c.93319C>T"	"p.(R31107C)"	"missense"	
"364"	"179639081"	"2"	"C"	"T"	"TTN"	"c.6910G>A"	"p.(V2304M)"	"missense"	
"365"	"179486037"	"2"	"C"	"A"	"TTN"	"c.40485G>T"	"p.(K13495N)"	"missense"	
"47"	"89017961"	"11"	"G"	"A"	"TYR"	"c.1205G>A"	"p.(R402Q)"	"missense"	
"49"	"88960984"	"11"	"T"	"A"	"TYR"	"c.1037-7T>A"	"N/A"	"intronic"	
"192"	"88911351"	"11"	"G"	"A"	"TYR"	"c.230G>A"	"p.(R77Q)"	"missense"	
"194"	"88924382"	"11"	"C"	"T"	"TYR"	"c.832C>T"	"p.(R278*)"	"nonsense"	
"198"	"88911467"	"11"	"C"	"T"	"TYR"	"c.346C>T"	"p.(R116*)"	"nonsense"	
"262"	"89028411"	"11"	"T"	"TT"	"TYR"	"c.1467dupT"	"p.(A490Cfs*20)"	"frameshift"	
"297"	"73839332"	"17"	"C"	"A"	"UNC13D"	"c.169G>T"	"p.(E57*)"	"nonsense"	
"299"	"73826653"	"17"	"C"	"A"	"UNC13D"	"c.2709+6G>T"	"N/A"	"intronic"	
"301"	"73832719"	"17"	"C"	"T"	"UNC13D"	"c.1232G>A"	"p.(R411Q)"	"missense"	
"302"	"73839274"	"17"	"G"	"A"	"UNC13D"	"c.227C>T"	"p.(T76M)"	"missense"	
"303"	"73836181"	"17"	"G"	"A"	"UNC13D"	"c.869C>T"	"p.(S290L)"	"missense"	
"304"	"73830461"	"17"	"G"	"A"	"UNC13D"	"c.2243C>T"	"p.(A748V)"	"missense"	
"306"	"73835939"	"17"	"C"	"T"	"UNC13D"	"c.1036G>A"	"p.(D346N)"	"missense"	
"307"	"73824159"	"17"	"T"	"C"	"UNC13D"	"c.3160A>G"	"p.(I1054V)"	"missense"	
"309"	"73824087"	"17"	"C"	"G"	"UNC13D"	"c.3232G>C"	"p.(A1078P)"	"missense"	
"310"	"73826167"	"17"	"G"	"A"	"UNC13D"	"c.2896C>T"	"p.(R966W)"	"missense"	
"312"	"73831953"	"17"	"G"	"A"	"UNC13D"	"c.1579C>T"	"p.(R527W)"	"missense"	
"314"	"73839319"	"17"	"T"	"C"	"UNC13D"	"c.182A>G"	"p.(Y61C)"	"missense"	
"321"	"73832419"	"17"	"C"	"T"	"UNC13D"	"c.1389+1G>A"	"N/A"	"splicing"	
"324"	"73830760"	"17"	"A"	"G"	"UNC13D"	"c.2030T>C"	"p.(I677T)"	"missense"	
"83"	"45480125"	"1"	"T"	"TTT"	"UROD"	"c.650_651dupTT"	"p.(E218Lfs*28)"	"frameshift"	
"249"	"17552955"	"11"	"C"	"CG"	"USH1C"	"c.238dupC"	"p.(R80fs*69)"	"frameshift"	
"257"	"216371818"	"1"	"G"	"C"	"USH2A"	"c.3920C>G"	"p.(S1307*)"	"nonsense"	
"258"	"216495263"	"1"	"A"	"G"	"USH2A"	"c.1606T>C"	"p.(C536R)"	"missense"	
"260"	"216363621"	"1"	"CAG"	"C"	"USH2A"	"c.4338_4339delCT"	"p.(C1447Qfs*29)"	"frameshift"	
"261"	"216348702"	"1"	"ACTCT"	"A"	"USH2A"	"c.4515_4518del"	"p.(R1505Sfs*7)"	"frameshift"	
"287"	"215847937"	"1"	"G"	"A"	"USH2A"	"c.13316C>T"	"p.(T4439I)"	"missense"	
"463"	"122630693"	"10"	"A"	"G"	"WDR11"	"c.[1306A>G]"	"p.I436V"	"missense"	
"209"	"219754840"	"2"	"C"	"T"	"WNT10A"	"c.511C>T"	"p.(R171C)"	"missense"	
"213"	"219754966"	"2"	"G"	"A"	"WNT10A"	"c.637G>A"	"p.(G213S)"	"missense"	
"190"	"32413513"	"11"	"C"	"T"	"WT1"	"c.1228+5G>A"	"N/A"	"intronic"	
